<?xml version="1.0"?>
<opencv_storage>
<cascade>
  <stageType>BOOST</stageType>
  <featureType>HAAR</featureType>
  <height>30</height>
  <width>30</width>
  <stageParams>
    <boostType>GAB</boostType>
    <minHitRate>9.9800002574920654e-01</minHitRate>
    <maxFalseAlarm>7.9999998211860657e-02</maxFalseAlarm>
    <weightTrimRate>9.4999999999999996e-01</weightTrimRate>
    <maxDepth>1</maxDepth>
    <maxWeakCount>100</maxWeakCount></stageParams>
  <featureParams>
    <maxCatCount>0</maxCatCount>
    <featSize>1</featSize>
    <mode>BASIC</mode></featureParams>
  <stageNum>10</stageNum>
  <stages>
    <!-- stage 0 -->
    <_>
      <maxWeakCount>6</maxWeakCount>
      <stageThreshold>-4.4960373640060425e-01</stageThreshold>
      <weakClassifiers>
        <_>
          <internalNodes>
            0 -1 39 -4.4105422496795654e-01</internalNodes>
          <leafValues>
            -9.2820513248443604e-01 8.9999997615814209e-01</leafValues></_>
        <_>
          <internalNodes>
            0 -1 6 -1.1180821806192398e-01</internalNodes>
          <leafValues>
            -8.0528575181961060e-01 7.7860641479492188e-01</leafValues></_>
        <_>
          <internalNodes>
            0 -1 81 -1.3477820158004761e-01</internalNodes>
          <leafValues>
            -6.9944649934768677e-01 6.9863694906234741e-01</leafValues></_>
        <_>
          <internalNodes>
            0 -1 92 -1.1998412664979696e-03</internalNodes>
          <leafValues>
            -9.4059568643569946e-01 5.0509768724441528e-01</leafValues></_>
        <_>
          <internalNodes>
            0 -1 56 -4.4604476541280746e-02</internalNodes>
          <leafValues>
            7.7557617425918579e-01 -6.2590175867080688e-01</leafValues></_>
        <_>
          <internalNodes>
            0 -1 22 -3.0709329992532730e-02</internalNodes>
          <leafValues>
            -6.9542360305786133e-01 7.0172858238220215e-01</leafValues></_></weakClassifiers></_>
    <!-- stage 1 -->
    <_>
      <maxWeakCount>11</maxWeakCount>
      <stageThreshold>-4.4130399823188782e-01</stageThreshold>
      <weakClassifiers>
        <_>
          <internalNodes>
            0 -1 52 -5.5497087538242340e-02</internalNodes>
          <leafValues>
            7.8787881135940552e-01 -5.1054853200912476e-01</leafValues></_>
        <_>
          <internalNodes>
            0 -1 17 7.1668326854705811e-02</internalNodes>
          <leafValues>
            -7.8452366590499878e-01 5.1236522197723389e-01</leafValues></_>
        <_>
          <internalNodes>
            0 -1 7 -1.5199696645140648e-02</internalNodes>
          <leafValues>
            6.2530630826950073e-01 -5.5400544404983521e-01</leafValues></_>
        <_>
          <internalNodes>
            0 -1 35 -2.2545064985752106e-01</internalNodes>
          <leafValues>
            -3.7140437960624695e-01 7.1637755632400513e-01</leafValues></_>
        <_>
          <internalNodes>
            0 -1 23 6.8697789683938026e-03</internalNodes>
          <leafValues>
            -3.1116932630538940e-01 8.2091474533081055e-01</leafValues></_>
        <_>
          <internalNodes>
            0 -1 101 8.6411985103040934e-04</internalNodes>
          <leafValues>
            -6.4474374055862427e-01 4.5763397216796875e-01</leafValues></_>
        <_>
          <internalNodes>
            0 -1 66 1.3516310718841851e-04</internalNodes>
          <leafValues>
            3.5657212138175964e-01 -6.7815172672271729e-01</leafValues></_>
        <_>
          <internalNodes>
            0 -1 74 -1.5085171908140182e-03</internalNodes>
          <leafValues>
            -9.6790021657943726e-01 2.5031292438507080e-01</leafValues></_>
        <_>
          <internalNodes>
            0 -1 0 1.6648590564727783e-02</internalNodes>
          <leafValues>
            -6.7571419477462769e-01 3.6498072743415833e-01</leafValues></_>
        <_>
          <internalNodes>
            0 -1 91 -1.8742540851235390e-03</internalNodes>
          <leafValues>
            -8.6811161041259766e-01 3.1884795427322388e-01</leafValues></_>
        <_>
          <internalNodes>
            0 -1 110 -3.0887551838532090e-04</internalNodes>
          <leafValues>
            -9.0276342630386353e-01 2.0338289439678192e-01</leafValues></_></weakClassifiers></_>
    <!-- stage 2 -->
    <_>
      <maxWeakCount>12</maxWeakCount>
      <stageThreshold>-9.9299989640712738e-02</stageThreshold>
      <weakClassifiers>
        <_>
          <internalNodes>
            0 -1 32 4.9660496413707733e-02</internalNodes>
          <leafValues>
            -4.0890687704086304e-01 7.2340422868728638e-01</leafValues></_>
        <_>
          <internalNodes>
            0 -1 59 5.4930434562265873e-03</internalNodes>
          <leafValues>
            -8.2018965482711792e-01 4.1040980815887451e-01</leafValues></_>
        <_>
          <internalNodes>
            0 -1 51 5.3101470693945885e-03</internalNodes>
          <leafValues>
            -4.5240673422813416e-01 6.8404120206832886e-01</leafValues></_>
        <_>
          <internalNodes>
            0 -1 4 -2.7195303700864315e-03</internalNodes>
          <leafValues>
            3.5088914632797241e-01 -7.5047522783279419e-01</leafValues></_>
        <_>
          <internalNodes>
            0 -1 42 -8.5402773693203926e-03</internalNodes>
          <leafValues>
            -7.5414878129959106e-01 2.8900989890098572e-01</leafValues></_>
        <_>
          <internalNodes>
            0 -1 87 -6.9368118420243263e-03</internalNodes>
          <leafValues>
            5.8501201868057251e-01 -4.2548218369483948e-01</leafValues></_>
        <_>
          <internalNodes>
            0 -1 93 2.3766506928950548e-03</internalNodes>
          <leafValues>
            -6.0063457489013672e-01 4.2466777563095093e-01</leafValues></_>
        <_>
          <internalNodes>
            0 -1 64 -1.2618693709373474e-01</internalNodes>
          <leafValues>
            -8.0765819549560547e-01 2.5475022196769714e-01</leafValues></_>
        <_>
          <internalNodes>
            0 -1 31 -3.2912157475948334e-03</internalNodes>
          <leafValues>
            3.0865329504013062e-01 -7.4544441699981689e-01</leafValues></_>
        <_>
          <internalNodes>
            0 -1 34 2.7378153055906296e-02</internalNodes>
          <leafValues>
            -5.8288890123367310e-01 3.4246158599853516e-01</leafValues></_>
        <_>
          <internalNodes>
            0 -1 61 5.3987740539014339e-03</internalNodes>
          <leafValues>
            -4.2298823595046997e-01 6.3423269987106323e-01</leafValues></_>
        <_>
          <internalNodes>
            0 -1 37 -4.0835011750459671e-03</internalNodes>
          <leafValues>
            -7.2621428966522217e-01 3.4365373849868774e-01</leafValues></_></weakClassifiers></_>
    <!-- stage 3 -->
    <_>
      <maxWeakCount>15</maxWeakCount>
      <stageThreshold>-1.5604563057422638e-01</stageThreshold>
      <weakClassifiers>
        <_>
          <internalNodes>
            0 -1 2 -1.6312533989548683e-02</internalNodes>
          <leafValues>
            5.2422904968261719e-01 -4.0384614467620850e-01</leafValues></_>
        <_>
          <internalNodes>
            0 -1 10 1.2256658636033535e-02</internalNodes>
          <leafValues>
            -4.1156750917434692e-01 5.6637126207351685e-01</leafValues></_>
        <_>
          <internalNodes>
            0 -1 78 -8.0134399235248566e-02</internalNodes>
          <leafValues>
            -3.6300635337829590e-01 5.3685796260833740e-01</leafValues></_>
        <_>
          <internalNodes>
            0 -1 99 5.6863985955715179e-03</internalNodes>
          <leafValues>
            -5.3902167081832886e-01 4.0160486102104187e-01</leafValues></_>
        <_>
          <internalNodes>
            0 -1 27 -1.4358188956975937e-02</internalNodes>
          <leafValues>
            6.9283932447433472e-01 -3.9613422751426697e-01</leafValues></_>
        <_>
          <internalNodes>
            0 -1 103 -4.8822147073224187e-04</internalNodes>
          <leafValues>
            -6.6501373052597046e-01 3.9757108688354492e-01</leafValues></_>
        <_>
          <internalNodes>
            0 -1 111 -1.1091552005382255e-04</internalNodes>
          <leafValues>
            -7.6973873376846313e-01 2.0582748949527740e-01</leafValues></_>
        <_>
          <internalNodes>
            0 -1 16 -3.9636826515197754e-01</internalNodes>
          <leafValues>
            -4.8922383785247803e-01 3.5834264755249023e-01</leafValues></_>
        <_>
          <internalNodes>
            0 -1 1 -3.8169394247233868e-03</internalNodes>
          <leafValues>
            3.0942267179489136e-01 -7.0194488763809204e-01</leafValues></_>
        <_>
          <internalNodes>
            0 -1 5 -1.4478880912065506e-02</internalNodes>
          <leafValues>
            8.1757086515426636e-01 -2.5118926167488098e-01</leafValues></_>
        <_>
          <internalNodes>
            0 -1 12 2.1885423921048641e-03</internalNodes>
          <leafValues>
            2.6971176266670227e-01 -8.1802666187286377e-01</leafValues></_>
        <_>
          <internalNodes>
            0 -1 60 -9.8927621729671955e-04</internalNodes>
          <leafValues>
            8.5122561454772949e-01 -2.6564711332321167e-01</leafValues></_>
        <_>
          <internalNodes>
            0 -1 50 4.1673155501484871e-03</internalNodes>
          <leafValues>
            -3.6273714900016785e-01 5.3768092393875122e-01</leafValues></_>
        <_>
          <internalNodes>
            0 -1 25 -5.4748338880017400e-04</internalNodes>
          <leafValues>
            -5.7339876890182495e-01 3.2740017771720886e-01</leafValues></_>
        <_>
          <internalNodes>
            0 -1 28 3.9183202898129821e-04</internalNodes>
          <leafValues>
            1.9036822021007538e-01 -9.6390205621719360e-01</leafValues></_></weakClassifiers></_>
    <!-- stage 4 -->
    <_>
      <maxWeakCount>16</maxWeakCount>
      <stageThreshold>1.5853801369667053e-01</stageThreshold>
      <weakClassifiers>
        <_>
          <internalNodes>
            0 -1 68 8.7369270622730255e-03</internalNodes>
          <leafValues>
            -7.7319586277008057e-01 3.2544377446174622e-01</leafValues></_>
        <_>
          <internalNodes>
            0 -1 14 8.0251321196556091e-02</internalNodes>
          <leafValues>
            -4.1177830100059509e-01 4.8764064908027649e-01</leafValues></_>
        <_>
          <internalNodes>
            0 -1 102 -1.4102179557085037e-04</internalNodes>
          <leafValues>
            -7.4486875534057617e-01 3.1392550468444824e-01</leafValues></_>
        <_>
          <internalNodes>
            0 -1 18 -1.6462453640997410e-03</internalNodes>
          <leafValues>
            2.5854319334030151e-01 -6.4998847246170044e-01</leafValues></_>
        <_>
          <internalNodes>
            0 -1 71 -3.0022150278091431e-01</internalNodes>
          <leafValues>
            -6.3310134410858154e-01 3.7925574183464050e-01</leafValues></_>
        <_>
          <internalNodes>
            0 -1 88 2.8272361960262060e-03</internalNodes>
          <leafValues>
            1.9605953991413116e-01 -7.3566144704818726e-01</leafValues></_>
        <_>
          <internalNodes>
            0 -1 95 -3.1548651168122888e-04</internalNodes>
          <leafValues>
            -7.8120112419128418e-01 2.0373186469078064e-01</leafValues></_>
        <_>
          <internalNodes>
            0 -1 9 -3.4357048571109772e-02</internalNodes>
          <leafValues>
            -8.8995885848999023e-01 1.8321913480758667e-01</leafValues></_>
        <_>
          <internalNodes>
            0 -1 90 -8.5623368620872498e-02</internalNodes>
          <leafValues>
            2.0323838293552399e-01 -7.7771610021591187e-01</leafValues></_>
        <_>
          <internalNodes>
            0 -1 55 4.2305123060941696e-03</internalNodes>
          <leafValues>
            1.7509068548679352e-01 -7.6738607883453369e-01</leafValues></_>
        <_>
          <internalNodes>
            0 -1 75 1.9586309790611267e-03</internalNodes>
          <leafValues>
            -7.1568083763122559e-01 2.4803207814693451e-01</leafValues></_>
        <_>
          <internalNodes>
            0 -1 8 -1.5445688739418983e-02</internalNodes>
          <leafValues>
            6.9525015354156494e-01 -2.6358330249786377e-01</leafValues></_>
        <_>
          <internalNodes>
            0 -1 58 -6.8377368152141571e-03</internalNodes>
          <leafValues>
            -6.6728216409683228e-01 2.5824168324470520e-01</leafValues></_>
        <_>
          <internalNodes>
            0 -1 84 2.8089678380638361e-04</internalNodes>
          <leafValues>
            2.3170076310634613e-01 -6.7883908748626709e-01</leafValues></_>
        <_>
          <internalNodes>
            0 -1 114 -3.3927842741832137e-04</internalNodes>
          <leafValues>
            -9.5354670286178589e-01 1.8211184442043304e-01</leafValues></_>
        <_>
          <internalNodes>
            0 -1 47 1.3437888119369745e-03</internalNodes>
          <leafValues>
            -2.2532306611537933e-01 8.1721681356430054e-01</leafValues></_></weakClassifiers></_>
    <!-- stage 5 -->
    <_>
      <maxWeakCount>14</maxWeakCount>
      <stageThreshold>-7.0994323492050171e-01</stageThreshold>
      <weakClassifiers>
        <_>
          <internalNodes>
            0 -1 108 -1.2504181358963251e-04</internalNodes>
          <leafValues>
            -7.3831772804260254e-01 3.4756097197532654e-01</leafValues></_>
        <_>
          <internalNodes>
            0 -1 70 -5.9944391250610352e-03</internalNodes>
          <leafValues>
            3.1291693449020386e-01 -6.9338297843933105e-01</leafValues></_>
        <_>
          <internalNodes>
            0 -1 43 7.8217178583145142e-02</internalNodes>
          <leafValues>
            -3.1388226151466370e-01 6.5640145540237427e-01</leafValues></_>
        <_>
          <internalNodes>
            0 -1 76 4.3916564434766769e-02</internalNodes>
          <leafValues>
            -3.7665730714797974e-01 6.4041548967361450e-01</leafValues></_>
        <_>
          <internalNodes>
            0 -1 106 -6.0686096549034119e-03</internalNodes>
          <leafValues>
            -8.3162391185760498e-01 2.6852884888648987e-01</leafValues></_>
        <_>
          <internalNodes>
            0 -1 65 -4.0133378934115171e-04</internalNodes>
          <leafValues>
            -6.2073028087615967e-01 3.0647405982017517e-01</leafValues></_>
        <_>
          <internalNodes>
            0 -1 85 -9.6668172627687454e-03</internalNodes>
          <leafValues>
            2.3299740254878998e-01 -7.4235475063323975e-01</leafValues></_>
        <_>
          <internalNodes>
            0 -1 11 1.8141063628718257e-04</internalNodes>
          <leafValues>
            1.9957804679870605e-01 -8.0061018466949463e-01</leafValues></_>
        <_>
          <internalNodes>
            0 -1 44 -6.9798622280359268e-03</internalNodes>
          <leafValues>
            6.3808190822601318e-01 -3.0451831221580505e-01</leafValues></_>
        <_>
          <internalNodes>
            0 -1 105 -4.1546102147549391e-04</internalNodes>
          <leafValues>
            -9.0960907936096191e-01 1.8467211723327637e-01</leafValues></_>
        <_>
          <internalNodes>
            0 -1 79 1.7475858330726624e-02</internalNodes>
          <leafValues>
            -5.9583258628845215e-01 3.1681835651397705e-01</leafValues></_>
        <_>
          <internalNodes>
            0 -1 62 1.4239420415833592e-03</internalNodes>
          <leafValues>
            -7.3681825399398804e-01 3.1031489372253418e-01</leafValues></_>
        <_>
          <internalNodes>
            0 -1 94 1.6848885570652783e-04</internalNodes>
          <leafValues>
            -4.9478086829185486e-01 4.2356702685356140e-01</leafValues></_>
        <_>
          <internalNodes>
            0 -1 67 -8.9614406228065491e-02</internalNodes>
          <leafValues>
            -6.7786693572998047e-01 2.6987722516059875e-01</leafValues></_></weakClassifiers></_>
    <!-- stage 6 -->
    <_>
      <maxWeakCount>13</maxWeakCount>
      <stageThreshold>-4.7868123650550842e-01</stageThreshold>
      <weakClassifiers>
        <_>
          <internalNodes>
            0 -1 24 1.2544245459139347e-02</internalNodes>
          <leafValues>
            -2.1135646104812622e-01 8.6440676450729370e-01</leafValues></_>
        <_>
          <internalNodes>
            0 -1 113 9.4383498653769493e-03</internalNodes>
          <leafValues>
            3.1282258033752441e-01 -7.4905246496200562e-01</leafValues></_>
        <_>
          <internalNodes>
            0 -1 15 2.6816703379154205e-02</internalNodes>
          <leafValues>
            -3.4703096747398376e-01 5.5115485191345215e-01</leafValues></_>
        <_>
          <internalNodes>
            0 -1 73 -5.5613383650779724e-02</internalNodes>
          <leafValues>
            5.4782772064208984e-01 -3.6448383331298828e-01</leafValues></_>
        <_>
          <internalNodes>
            0 -1 82 -1.8130131065845490e-03</internalNodes>
          <leafValues>
            -8.7174105644226074e-01 3.1303045153617859e-01</leafValues></_>
        <_>
          <internalNodes>
            0 -1 53 4.0437620133161545e-02</internalNodes>
          <leafValues>
            1.6607551276683807e-01 -7.9318922758102417e-01</leafValues></_>
        <_>
          <internalNodes>
            0 -1 38 5.4684199392795563e-02</internalNodes>
          <leafValues>
            -6.1013728380203247e-01 3.1739822030067444e-01</leafValues></_>
        <_>
          <internalNodes>
            0 -1 86 -5.7573825120925903e-02</internalNodes>
          <leafValues>
            -5.9217053651809692e-01 3.1626784801483154e-01</leafValues></_>
        <_>
          <internalNodes>
            0 -1 20 3.6863230168819427e-02</internalNodes>
          <leafValues>
            -1.8791456520557404e-01 9.6184051036834717e-01</leafValues></_>
        <_>
          <internalNodes>
            0 -1 36 1.7070675268769264e-02</internalNodes>
          <leafValues>
            -2.7658405900001526e-01 6.3087296485900879e-01</leafValues></_>
        <_>
          <internalNodes>
            0 -1 97 4.9232682213187218e-03</internalNodes>
          <leafValues>
            -4.2477220296859741e-01 4.0886786580085754e-01</leafValues></_>
        <_>
          <internalNodes>
            0 -1 98 5.3565893322229385e-03</internalNodes>
          <leafValues>
            2.3688422143459320e-01 -9.1354978084564209e-01</leafValues></_>
        <_>
          <internalNodes>
            0 -1 72 1.0513780638575554e-02</internalNodes>
          <leafValues>
            -2.5421965122222900e-01 8.1385624408721924e-01</leafValues></_></weakClassifiers></_>
    <!-- stage 7 -->
    <_>
      <maxWeakCount>15</maxWeakCount>
      <stageThreshold>-5.1451337337493896e-01</stageThreshold>
      <weakClassifiers>
        <_>
          <internalNodes>
            0 -1 3 -4.0937647223472595e-02</internalNodes>
          <leafValues>
            5.7575756311416626e-01 -3.3333334326744080e-01</leafValues></_>
        <_>
          <internalNodes>
            0 -1 109 5.1630688831210136e-03</internalNodes>
          <leafValues>
            2.3587895929813385e-01 -8.1140786409378052e-01</leafValues></_>
        <_>
          <internalNodes>
            0 -1 49 5.4672166705131531e-02</internalNodes>
          <leafValues>
            -2.3209325969219208e-01 8.0190676450729370e-01</leafValues></_>
        <_>
          <internalNodes>
            0 -1 45 -7.0517486892640591e-03</internalNodes>
          <leafValues>
            7.2352010011672974e-01 -2.2687144577503204e-01</leafValues></_>
        <_>
          <internalNodes>
            0 -1 69 5.3216079249978065e-03</internalNodes>
          <leafValues>
            3.3986264467239380e-01 -7.1867334842681885e-01</leafValues></_>
        <_>
          <internalNodes>
            0 -1 57 -9.8925305064767599e-04</internalNodes>
          <leafValues>
            -6.3953894376754761e-01 2.4448071420192719e-01</leafValues></_>
        <_>
          <internalNodes>
            0 -1 48 5.1196213811635971e-02</internalNodes>
          <leafValues>
            -2.3705618083477020e-01 8.2578051090240479e-01</leafValues></_>
        <_>
          <internalNodes>
            0 -1 89 1.1702296137809753e-01</internalNodes>
          <leafValues>
            2.8529870510101318e-01 -7.0786905288696289e-01</leafValues></_>
        <_>
          <internalNodes>
            0 -1 96 -7.6220937073230743e-02</internalNodes>
          <leafValues>
            -6.6222339868545532e-01 2.2387976944446564e-01</leafValues></_>
        <_>
          <internalNodes>
            0 -1 21 -7.8390573617070913e-04</internalNodes>
          <leafValues>
            4.0284407138824463e-01 -4.0836241841316223e-01</leafValues></_>
        <_>
          <internalNodes>
            0 -1 54 8.7055154144763947e-03</internalNodes>
          <leafValues>
            -2.0169568061828613e-01 8.4032642841339111e-01</leafValues></_>
        <_>
          <internalNodes>
            0 -1 112 -3.9327424019575119e-05</internalNodes>
          <leafValues>
            -5.3348654508590698e-01 3.2404363155364990e-01</leafValues></_>
        <_>
          <internalNodes>
            0 -1 26 4.7385383397340775e-02</internalNodes>
          <leafValues>
            -2.5408425927162170e-01 7.5444459915161133e-01</leafValues></_>
        <_>
          <internalNodes>
            0 -1 13 -5.5469414219260216e-03</internalNodes>
          <leafValues>
            -8.9339929819107056e-01 2.3757834732532501e-01</leafValues></_>
        <_>
          <internalNodes>
            0 -1 41 -4.6124858781695366e-03</internalNodes>
          <leafValues>
            -8.9767217636108398e-01 1.7252251505851746e-01</leafValues></_></weakClassifiers></_>
    <!-- stage 8 -->
    <_>
      <maxWeakCount>11</maxWeakCount>
      <stageThreshold>-3.5064184665679932e-01</stageThreshold>
      <weakClassifiers>
        <_>
          <internalNodes>
            0 -1 83 -6.1008404009044170e-04</internalNodes>
          <leafValues>
            -6.8253970146179199e-01 3.9158576726913452e-01</leafValues></_>
        <_>
          <internalNodes>
            0 -1 46 -3.0694915913045406e-03</internalNodes>
          <leafValues>
            5.5177801847457886e-01 -4.2278528213500977e-01</leafValues></_>
        <_>
          <internalNodes>
            0 -1 30 -2.8683213517069817e-02</internalNodes>
          <leafValues>
            5.6319350004196167e-01 -4.1552317142486572e-01</leafValues></_>
        <_>
          <internalNodes>
            0 -1 77 1.8669789424166083e-03</internalNodes>
          <leafValues>
            4.4444587826728821e-01 -7.6142960786819458e-01</leafValues></_>
        <_>
          <internalNodes>
            0 -1 40 -2.9814530164003372e-02</internalNodes>
          <leafValues>
            7.4299818277359009e-01 -4.0853849053382874e-01</leafValues></_>
        <_>
          <internalNodes>
            0 -1 63 -3.1992822885513306e-02</internalNodes>
          <leafValues>
            -5.1838922500610352e-01 4.7067928314208984e-01</leafValues></_>
        <_>
          <internalNodes>
            0 -1 107 -2.0168583840131760e-02</internalNodes>
          <leafValues>
            2.4409849941730499e-01 -9.7170788049697876e-01</leafValues></_>
        <_>
          <internalNodes>
            0 -1 19 -4.3472618563100696e-04</internalNodes>
          <leafValues>
            4.2677742242813110e-01 -5.1508778333663940e-01</leafValues></_>
        <_>
          <internalNodes>
            0 -1 29 3.2050879672169685e-03</internalNodes>
          <leafValues>
            2.6839891076087952e-01 -9.6228456497192383e-01</leafValues></_>
        <_>
          <internalNodes>
            0 -1 80 -5.9479154646396637e-02</internalNodes>
          <leafValues>
            -7.6704573631286621e-01 3.3676573634147644e-01</leafValues></_>
        <_>
          <internalNodes>
            0 -1 100 5.5193733423948288e-03</internalNodes>
          <leafValues>
            -4.9308621883392334e-01 4.8576918244361877e-01</leafValues></_></weakClassifiers></_>
    <!-- stage 9 -->
    <_>
      <maxWeakCount>2</maxWeakCount>
      <stageThreshold>8.6124405264854431e-02</stageThreshold>
      <weakClassifiers>
        <_>
          <internalNodes>
            0 -1 33 -2.8047224879264832e-01</internalNodes>
          <leafValues>
            -9.1387557983398438e-01 1.</leafValues></_>
        <_>
          <internalNodes>
            0 -1 104 4.4979271478950977e-04</internalNodes>
          <leafValues>
            1. -8.6324107646942139e-01</leafValues></_></weakClassifiers></_></stages>
  <features>
    <_>
      <rects>
        <_>
          0 6 14 16 -1.</_>
        <_>
          0 6 7 8 2.</_>
        <_>
          7 14 7 8 2.</_></rects>
      <tilted>0</tilted></_>
    <_>
      <rects>
        <_>
          0 7 1 3 -1.</_>
        <_>
          0 8 1 1 2.</_></rects>
      <tilted>0</tilted></_>
    <_>
      <rects>
        <_>
          0 7 14 2 -1.</_>
        <_>
          7 7 7 2 2.</_></rects>
      <tilted>0</tilted></_>
    <_>
      <rects>
        <_>
          0 9 4 18 -1.</_>
        <_>
          0 18 4 9 2.</_></rects>
      <tilted>0</tilted></_>
    <_>
      <rects>
        <_>
          0 10 1 18 -1.</_>
        <_>
          0 19 1 9 2.</_></rects>
      <tilted>0</tilted></_>
    <_>
      <rects>
        <_>
          0 16 4 9 -1.</_>
        <_>
          2 16 2 9 2.</_></rects>
      <tilted>0</tilted></_>
    <_>
      <rects>
        <_>
          0 17 9 9 -1.</_>
        <_>
          0 20 9 3 2.</_></rects>
      <tilted>0</tilted></_>
    <_>
      <rects>
        <_>
          0 18 9 8 -1.</_>
        <_>
          0 22 9 4 2.</_></rects>
      <tilted>0</tilted></_>
    <_>
      <rects>
        <_>
          0 23 17 4 -1.</_>
        <_>
          0 25 17 2 2.</_></rects>
      <tilted>0</tilted></_>
    <_>
      <rects>
        <_>
          0 24 12 2 -1.</_>
        <_>
          4 24 4 2 2.</_></rects>
      <tilted>0</tilted></_>
    <_>
      <rects>
        <_>
          0 24 4 6 -1.</_>
        <_>
          0 27 4 3 2.</_></rects>
      <tilted>0</tilted></_>
    <_>
      <rects>
        <_>
          0 29 2 1 -1.</_>
        <_>
          1 29 1 1 2.</_></rects>
      <tilted>0</tilted></_>
    <_>
      <rects>
        <_>
          0 29 12 1 -1.</_>
        <_>
          6 29 6 1 2.</_></rects>
      <tilted>0</tilted></_>
    <_>
      <rects>
        <_>
          1 0 14 1 -1.</_>
        <_>
          8 0 7 1 2.</_></rects>
      <tilted>0</tilted></_>
    <_>
      <rects>
        <_>
          1 5 16 16 -1.</_>
        <_>
          1 5 8 8 2.</_>
        <_>
          9 13 8 8 2.</_></rects>
      <tilted>0</tilted></_>
    <_>
      <rects>
        <_>
          1 8 8 18 -1.</_>
        <_>
          1 8 4 9 2.</_>
        <_>
          5 17 4 9 2.</_></rects>
      <tilted>0</tilted></_>
    <_>
      <rects>
        <_>
          1 10 23 15 -1.</_>
        <_>
          1 15 23 5 2.</_></rects>
      <tilted>0</tilted></_>
    <_>
      <rects>
        <_>
          1 14 28 15 -1.</_>
        <_>
          15 14 14 15 2.</_></rects>
      <tilted>0</tilted></_>
    <_>
      <rects>
        <_>
          1 15 1 12 -1.</_>
        <_>
          1 21 1 6 2.</_></rects>
      <tilted>0</tilted></_>
    <_>
      <rects>
        <_>
          1 22 5 2 -1.</_>
        <_>
          1 23 5 1 2.</_></rects>
      <tilted>0</tilted></_>
    <_>
      <rects>
        <_>
          1 22 10 6 -1.</_>
        <_>
          1 25 10 3 2.</_></rects>
      <tilted>0</tilted></_>
    <_>
      <rects>
        <_>
          1 23 4 4 -1.</_>
        <_>
          1 25 4 2 2.</_></rects>
      <tilted>0</tilted></_>
    <_>
      <rects>
        <_>
          1 23 8 3 -1.</_>
        <_>
          1 24 8 1 2.</_></rects>
      <tilted>0</tilted></_>
    <_>
      <rects>
        <_>
          1 28 10 2 -1.</_>
        <_>
          1 29 10 1 2.</_></rects>
      <tilted>0</tilted></_>
    <_>
      <rects>
        <_>
          1 28 19 2 -1.</_>
        <_>
          1 29 19 1 2.</_></rects>
      <tilted>0</tilted></_>
    <_>
      <rects>
        <_>
          2 2 4 2 -1.</_>
        <_>
          4 2 2 2 2.</_></rects>
      <tilted>0</tilted></_>
    <_>
      <rects>
        <_>
          2 4 12 12 -1.</_>
        <_>
          2 4 6 6 2.</_>
        <_>
          8 10 6 6 2.</_></rects>
      <tilted>0</tilted></_>
    <_>
      <rects>
        <_>
          2 23 14 6 -1.</_>
        <_>
          2 26 14 3 2.</_></rects>
      <tilted>0</tilted></_>
    <_>
      <rects>
        <_>
          2 27 2 3 -1.</_>
        <_>
          3 27 1 3 2.</_></rects>
      <tilted>0</tilted></_>
    <_>
      <rects>
        <_>
          2 28 8 2 -1.</_>
        <_>
          6 28 4 2 2.</_></rects>
      <tilted>0</tilted></_>
    <_>
      <rects>
        <_>
          3 1 4 22 -1.</_>
        <_>
          3 12 4 11 2.</_></rects>
      <tilted>0</tilted></_>
    <_>
      <rects>
        <_>
          3 3 3 1 -1.</_>
        <_>
          4 3 1 1 2.</_></rects>
      <tilted>0</tilted></_>
    <_>
      <rects>
        <_>
          3 4 12 16 -1.</_>
        <_>
          3 4 6 8 2.</_>
        <_>
          9 12 6 8 2.</_></rects>
      <tilted>0</tilted></_>
    <_>
      <rects>
        <_>
          3 17 27 6 -1.</_>
        <_>
          12 17 9 6 2.</_></rects>
      <tilted>0</tilted></_>
    <_>
      <rects>
        <_>
          3 26 26 3 -1.</_>
        <_>
          16 26 13 3 2.</_></rects>
      <tilted>0</tilted></_>
    <_>
      <rects>
        <_>
          4 8 16 15 -1.</_>
        <_>
          4 13 16 5 2.</_></rects>
      <tilted>0</tilted></_>
    <_>
      <rects>
        <_>
          4 9 10 19 -1.</_>
        <_>
          9 9 5 19 2.</_></rects>
      <tilted>0</tilted></_>
    <_>
      <rects>
        <_>
          4 9 20 8 -1.</_>
        <_>
          4 13 20 4 2.</_></rects>
      <tilted>0</tilted></_>
    <_>
      <rects>
        <_>
          5 5 20 25 -1.</_>
        <_>
          15 5 10 25 2.</_></rects>
      <tilted>0</tilted></_>
    <_>
      <rects>
        <_>
          5 7 16 21 -1.</_>
        <_>
          5 14 16 7 2.</_></rects>
      <tilted>0</tilted></_>
    <_>
      <rects>
        <_>
          6 5 17 6 -1.</_>
        <_>
          6 8 17 3 2.</_></rects>
      <tilted>0</tilted></_>
    <_>
      <rects>
        <_>
          6 8 24 5 -1.</_>
        <_>
          18 8 12 5 2.</_></rects>
      <tilted>0</tilted></_>
    <_>
      <rects>
        <_>
          6 12 14 18 -1.</_>
        <_>
          13 12 7 18 2.</_></rects>
      <tilted>0</tilted></_>
    <_>
      <rects>
        <_>
          6 24 22 6 -1.</_>
        <_>
          17 24 11 6 2.</_></rects>
      <tilted>0</tilted></_>
    <_>
      <rects>
        <_>
          7 3 22 2 -1.</_>
        <_>
          7 4 22 1 2.</_></rects>
      <tilted>0</tilted></_>
    <_>
      <rects>
        <_>
          7 6 3 6 -1.</_>
        <_>
          7 9 3 3 2.</_></rects>
      <tilted>0</tilted></_>
    <_>
      <rects>
        <_>
          7 23 8 4 -1.</_>
        <_>
          7 25 8 2 2.</_></rects>
      <tilted>0</tilted></_>
    <_>
      <rects>
        <_>
          7 24 3 2 -1.</_>
        <_>
          7 25 3 1 2.</_></rects>
      <tilted>0</tilted></_>
    <_>
      <rects>
        <_>
          7 24 22 6 -1.</_>
        <_>
          7 27 22 3 2.</_></rects>
      <tilted>0</tilted></_>
    <_>
      <rects>
        <_>
          8 8 20 6 -1.</_>
        <_>
          8 11 20 3 2.</_></rects>
      <tilted>0</tilted></_>
    <_>
      <rects>
        <_>
          8 26 3 4 -1.</_>
        <_>
          8 28 3 2 2.</_></rects>
      <tilted>0</tilted></_>
    <_>
      <rects>
        <_>
          8 28 21 2 -1.</_>
        <_>
          8 29 21 1 2.</_></rects>
      <tilted>0</tilted></_>
    <_>
      <rects>
        <_>
          9 0 11 10 -1.</_>
        <_>
          9 5 11 5 2.</_></rects>
      <tilted>0</tilted></_>
    <_>
      <rects>
        <_>
          9 9 14 7 -1.</_>
        <_>
          16 9 7 7 2.</_></rects>
      <tilted>0</tilted></_>
    <_>
      <rects>
        <_>
          9 26 3 4 -1.</_>
        <_>
          9 28 3 2 2.</_></rects>
      <tilted>0</tilted></_>
    <_>
      <rects>
        <_>
          10 0 12 1 -1.</_>
        <_>
          16 0 6 1 2.</_></rects>
      <tilted>0</tilted></_>
    <_>
      <rects>
        <_>
          10 0 12 12 -1.</_>
        <_>
          10 6 12 6 2.</_></rects>
      <tilted>0</tilted></_>
    <_>
      <rects>
        <_>
          10 5 1 18 -1.</_>
        <_>
          10 14 1 9 2.</_></rects>
      <tilted>0</tilted></_>
    <_>
      <rects>
        <_>
          10 6 8 10 -1.</_>
        <_>
          14 6 4 10 2.</_></rects>
      <tilted>0</tilted></_>
    <_>
      <rects>
        <_>
          10 8 20 9 -1.</_>
        <_>
          20 8 10 9 2.</_></rects>
      <tilted>0</tilted></_>
    <_>
      <rects>
        <_>
          10 26 3 2 -1.</_>
        <_>
          10 27 3 1 2.</_></rects>
      <tilted>0</tilted></_>
    <_>
      <rects>
        <_>
          10 26 5 4 -1.</_>
        <_>
          10 28 5 2 2.</_></rects>
      <tilted>0</tilted></_>
    <_>
      <rects>
        <_>
          11 3 10 10 -1.</_>
        <_>
          16 3 5 10 2.</_></rects>
      <tilted>0</tilted></_>
    <_>
      <rects>
        <_>
          12 0 3 8 -1.</_>
        <_>
          13 0 1 8 2.</_></rects>
      <tilted>0</tilted></_>
    <_>
      <rects>
        <_>
          12 2 12 7 -1.</_>
        <_>
          16 2 4 7 2.</_></rects>
      <tilted>0</tilted></_>
    <_>
      <rects>
        <_>
          12 4 4 2 -1.</_>
        <_>
          14 4 2 2 2.</_></rects>
      <tilted>0</tilted></_>
    <_>
      <rects>
        <_>
          12 9 2 1 -1.</_>
        <_>
          13 9 1 1 2.</_></rects>
      <tilted>0</tilted></_>
    <_>
      <rects>
        <_>
          12 18 18 3 -1.</_>
        <_>
          18 18 6 3 2.</_></rects>
      <tilted>0</tilted></_>
    <_>
      <rects>
        <_>
          12 24 16 6 -1.</_>
        <_>
          20 24 8 6 2.</_></rects>
      <tilted>0</tilted></_>
    <_>
      <rects>
        <_>
          13 1 4 6 -1.</_>
        <_>
          15 1 2 6 2.</_></rects>
      <tilted>0</tilted></_>
    <_>
      <rects>
        <_>
          13 3 12 6 -1.</_>
        <_>
          13 6 12 3 2.</_></rects>
      <tilted>0</tilted></_>
    <_>
      <rects>
        <_>
          13 6 13 18 -1.</_>
        <_>
          13 12 13 6 2.</_></rects>
      <tilted>0</tilted></_>
    <_>
      <rects>
        <_>
          13 10 6 12 -1.</_>
        <_>
          13 10 3 6 2.</_>
        <_>
          16 16 3 6 2.</_></rects>
      <tilted>0</tilted></_>
    <_>
      <rects>
        <_>
          13 14 8 14 -1.</_>
        <_>
          13 21 8 7 2.</_></rects>
      <tilted>0</tilted></_>
    <_>
      <rects>
        <_>
          14 4 4 3 -1.</_>
        <_>
          16 4 2 3 2.</_></rects>
      <tilted>0</tilted></_>
    <_>
      <rects>
        <_>
          14 7 12 11 -1.</_>
        <_>
          20 7 6 11 2.</_></rects>
      <tilted>0</tilted></_>
    <_>
      <rects>
        <_>
          14 8 11 8 -1.</_>
        <_>
          14 12 11 4 2.</_></rects>
      <tilted>0</tilted></_>
    <_>
      <rects>
        <_>
          15 0 6 1 -1.</_>
        <_>
          18 0 3 1 2.</_></rects>
      <tilted>0</tilted></_>
    <_>
      <rects>
        <_>
          15 5 4 24 -1.</_>
        <_>
          15 13 4 8 2.</_></rects>
      <tilted>0</tilted></_>
    <_>
      <rects>
        <_>
          15 5 15 18 -1.</_>
        <_>
          15 14 15 9 2.</_></rects>
      <tilted>0</tilted></_>
    <_>
      <rects>
        <_>
          15 28 15 2 -1.</_>
        <_>
          20 28 5 2 2.</_></rects>
      <tilted>0</tilted></_>
    <_>
      <rects>
        <_>
          16 7 6 18 -1.</_>
        <_>
          16 13 6 6 2.</_></rects>
      <tilted>0</tilted></_>
    <_>
      <rects>
        <_>
          16 26 12 3 -1.</_>
        <_>
          22 26 6 3 2.</_></rects>
      <tilted>0</tilted></_>
    <_>
      <rects>
        <_>
          17 1 2 3 -1.</_>
        <_>
          18 1 1 3 2.</_></rects>
      <tilted>0</tilted></_>
    <_>
      <rects>
        <_>
          17 29 2 1 -1.</_>
        <_>
          18 29 1 1 2.</_></rects>
      <tilted>0</tilted></_>
    <_>
      <rects>
        <_>
          17 29 9 1 -1.</_>
        <_>
          20 29 3 1 2.</_></rects>
      <tilted>0</tilted></_>
    <_>
      <rects>
        <_>
          18 0 3 14 -1.</_>
        <_>
          19 0 1 14 2.</_></rects>
      <tilted>0</tilted></_>
    <_>
      <rects>
        <_>
          18 4 3 6 -1.</_>
        <_>
          18 7 3 3 2.</_></rects>
      <tilted>0</tilted></_>
    <_>
      <rects>
        <_>
          19 0 10 1 -1.</_>
        <_>
          24 0 5 1 2.</_></rects>
      <tilted>0</tilted></_>
    <_>
      <rects>
        <_>
          19 3 11 24 -1.</_>
        <_>
          19 15 11 12 2.</_></rects>
      <tilted>0</tilted></_>
    <_>
      <rects>
        <_>
          19 18 9 9 -1.</_>
        <_>
          22 18 3 9 2.</_></rects>
      <tilted>0</tilted></_>
    <_>
      <rects>
        <_>
          19 25 8 5 -1.</_>
        <_>
          23 25 4 5 2.</_></rects>
      <tilted>0</tilted></_>
    <_>
      <rects>
        <_>
          20 26 10 3 -1.</_>
        <_>
          25 26 5 3 2.</_></rects>
      <tilted>0</tilted></_>
    <_>
      <rects>
        <_>
          21 2 8 12 -1.</_>
        <_>
          25 2 4 12 2.</_></rects>
      <tilted>0</tilted></_>
    <_>
      <rects>
        <_>
          21 24 2 6 -1.</_>
        <_>
          21 27 2 3 2.</_></rects>
      <tilted>0</tilted></_>
    <_>
      <rects>
        <_>
          21 26 8 4 -1.</_>
        <_>
          25 26 4 4 2.</_></rects>
      <tilted>0</tilted></_>
    <_>
      <rects>
        <_>
          22 0 3 16 -1.</_>
        <_>
          23 0 1 16 2.</_></rects>
      <tilted>0</tilted></_>
    <_>
      <rects>
        <_>
          22 0 6 11 -1.</_>
        <_>
          25 0 3 11 2.</_></rects>
      <tilted>0</tilted></_>
    <_>
      <rects>
        <_>
          22 0 8 2 -1.</_>
        <_>
          26 0 4 2 2.</_></rects>
      <tilted>0</tilted></_>
    <_>
      <rects>
        <_>
          24 17 6 13 -1.</_>
        <_>
          27 17 3 13 2.</_></rects>
      <tilted>0</tilted></_>
    <_>
      <rects>
        <_>
          24 18 4 12 -1.</_>
        <_>
          26 18 2 12 2.</_></rects>
      <tilted>0</tilted></_>
    <_>
      <rects>
        <_>
          24 19 6 10 -1.</_>
        <_>
          27 19 3 10 2.</_></rects>
      <tilted>0</tilted></_>
    <_>
      <rects>
        <_>
          25 27 2 1 -1.</_>
        <_>
          26 27 1 1 2.</_></rects>
      <tilted>0</tilted></_>
    <_>
      <rects>
        <_>
          26 26 4 4 -1.</_>
        <_>
          26 28 4 2 2.</_></rects>
      <tilted>0</tilted></_>
    <_>
      <rects>
        <_>
          26 27 4 2 -1.</_>
        <_>
          26 27 2 1 2.</_>
        <_>
          28 28 2 1 2.</_></rects>
      <tilted>0</tilted></_>
    <_>
      <rects>
        <_>
          26 28 2 2 -1.</_>
        <_>
          27 28 1 2 2.</_></rects>
      <tilted>0</tilted></_>
    <_>
      <rects>
        <_>
          27 4 3 1 -1.</_>
        <_>
          28 4 1 1 2.</_></rects>
      <tilted>0</tilted></_>
    <_>
      <rects>
        <_>
          27 24 3 6 -1.</_>
        <_>
          27 26 3 2 2.</_></rects>
      <tilted>0</tilted></_>
    <_>
      <rects>
        <_>
          27 27 2 1 -1.</_>
        <_>
          28 27 1 1 2.</_></rects>
      <tilted>0</tilted></_>
    <_>
      <rects>
        <_>
          28 20 2 8 -1.</_>
        <_>
          28 24 2 4 2.</_></rects>
      <tilted>0</tilted></_>
    <_>
      <rects>
        <_>
          28 25 2 2 -1.</_>
        <_>
          29 25 1 2 2.</_></rects>
      <tilted>0</tilted></_>
    <_>
      <rects>
        <_>
          28 28 2 1 -1.</_>
        <_>
          29 28 1 1 2.</_></rects>
      <tilted>0</tilted></_>
    <_>
      <rects>
        <_>
          28 28 2 2 -1.</_>
        <_>
          29 28 1 2 2.</_></rects>
      <tilted>0</tilted></_>
    <_>
      <rects>
        <_>
          29 10 1 20 -1.</_>
        <_>
          29 20 1 10 2.</_></rects>
      <tilted>0</tilted></_>
    <_>
      <rects>
        <_>
          29 18 1 2 -1.</_>
        <_>
          29 19 1 1 2.</_></rects>
      <tilted>0</tilted></_></features></cascade>
</opencv_storage>
